label,text
ham,"Hi team, the sprint review is scheduled for Thursday at 3 PM. Please update your tickets before then."
ham,"Your order #48291 has shipped. Track your package at our website with the link in your account."
ham,"Reminder: dentist appointment on Monday at 10 AM. Reply if you need to reschedule."
ham,"Thanks for submitting the report. I left a few comments in the shared document for you to review."
ham,"Lunch tomorrow at the cafe on Main Street? Let me know if 12:30 works for you."
ham,"The meeting notes from yesterday are attached. Action items are listed on page two."
ham,"Your subscription renewal is coming up next month. No action needed if auto-pay is enabled."
ham,"Welcome to the course! Week one materials are now available in the learning portal."
ham,"Password reset requested. If this was not you, ignore this email and contact support."
ham,"Project kickoff slides are in the drive folder. See you in the conference room at 9."
ham,"Your flight itinerary for March 15 is confirmed. Check-in opens 24 hours before departure."
ham,"Library book due date extended to Friday. Return or renew online to avoid late fees."
ham,"Hi Mom, just landed safely. Will call when I get to the hotel tonight."
ham,"The quarterly budget spreadsheet needs your input by end of day Wednesday."
ham,"Your invoice for consulting hours in January is attached as PDF."
ham,"Team outing next Friday—RSVP yes or no so we can book the restaurant."
ham,"Code review completed on your pull request. Two minor suggestions before merge."
ham,"Your parking permit for lot B expires at the end of this month."
ham,"Conference registration received. Badge pickup starts at 8 AM in the lobby."
ham,"Please confirm your attendance for the training session on cybersecurity basics."
ham,"Your prescription is ready for pickup at the pharmacy on Oak Avenue."
ham,"The wifi password for guest network is posted on the intranet help page."
ham,"Annual performance review self-assessment form is due next Friday."
ham,"Your utility bill for February is available in your online account."
ham,"Student grades for midterm exams were posted to the portal this morning."
ham,"The office will be closed Monday for the holiday. Emergency contact is on the wiki."
ham,"Your car service appointment is confirmed for Saturday at 8 AM."
ham,"Thanks for your donation. Receipt for tax purposes is attached."
ham,"New comment on your shared document from Alex regarding the budget section."
ham,"Your gym membership will renew automatically unless you cancel by the 20th."
ham,"Interview scheduled for Tuesday at 2 PM via video call. Link in calendar invite."
ham,"The backup completed successfully last night. No action required."
ham,"Your tax documents are ready to download from secure client portal."
ham,"Parent-teacher conference slots are open for booking online."
ham,"The weather alert for your area recommends delaying non-essential travel."
ham,"Your table reservation for four people at 7 PM on Saturday is confirmed."
ham,"Software update installed on your workstation. Reboot when convenient."
ham,"Volunteer shift signup for the community event closes this Sunday."
ham,"Your lease renewal offer is attached. Please review and sign by the 30th."
ham,"The webinar recording from last week is now available on demand."
spam,"CONGRATULATIONS!!! You have WON $1,000,000!!! Click here NOW to claim your prize!!!"
spam,"URGENT: Your bank account will be closed unless you verify your identity immediately at this link."
spam,"Make $5000 per week working from home!!! No experience needed!!! Limited spots!!!"
spam,"FREE iPhone 15!!! You are our lucky winner!!! Enter credit card for shipping only $0.99"
spam,"Hot singles in your area want to meet you tonight. Click to chat now."
spam,"Your PayPal account has been limited. Confirm password and SSN to restore access."
spam,"Act now!!! Miracle weight loss pill doctors don't want you to know about!!!"
spam,"You inherited $4.5 million from a distant relative. Send bank details to receive funds."
spam,"LOWEST mortgage rates ever!!! Refinance today with zero credit check guaranteed approval."
spam,"Your computer is infected with 47 viruses!!! Download this cleaner immediately!!!"
spam,"Exclusive crypto tip: 1000x returns in 24 hours. Join our VIP Telegram group now."
spam,"You won an Amazon gift card worth $500. Complete this survey to redeem."
spam,"FINAL NOTICE: IRS lawsuit pending. Call this number immediately to avoid arrest."
spam,"Enlarge your performance naturally with this secret herbal formula. Order now 50% off."
spam,"Your Netflix payment failed. Update billing at http://netflix-verify-bad.site/login"
spam,"Work from home and earn $200 per hour stuffing envelopes. Register today."
spam,"Dear friend, I need your help transferring millions from overseas. You get 30 percent."
spam,"Unlock your credit score secrets lenders hide from you. One weird trick inside."
spam,"You have been selected for a government grant. Pay processing fee to receive $9000."
spam,"LIMITED TIME: Rolex watches replica luxury for $99.99 free shipping worldwide."
spam,"Your Apple ID was locked. Sign in here to prevent permanent deletion of your data."
spam,"Hot stock alert!!! Buy NOW before market open!!! Guaranteed double your money."
spam,"Free vacation to Bahamas!!! Just pay taxes and handling fee with your card."
spam,"You are the 1000000th visitor!!! Spin the wheel to win cash prizes!!!"
spam,"Reduce belly fat overnight with this one simple trick. Doctors hate it!!!"
spam,"Your package could not be delivered. Click to reschedule and pay redelivery fee."
spam,"Nigerian prince needs partner for wire transfer. Confidential business proposal."
spam,"Get cheap Viagra Cialis online no prescription discreet shipping click here."
spam,"Your social security number was found on dark web. Buy our protection plan today."
spam,"Congratulations selected customer!!! Free lottery ticket claim before midnight tonight."
spam,"Make money fast betting system never loses!!! Deposit now get 200% bonus."
spam,"Your Microsoft account unusual sign-in. Verify password at microsoft-security.fake.com"
spam,"Eliminate debt instantly with this loophole banks don't want public. Watch video."
spam,"You won a Walmart shopping spree!!! Enter details to claim your $1000 card."
spam,"Become a millionaire in 30 days trading forex with our robot. Sign up free trial."
spam,"URGENT loan approved $50000 bad credit OK wire fee only $299 to release funds."
spam,"Click here for free Bitcoin airdrop. Connect wallet and approve transaction."
spam,"Your email won our annual draw. Send copy of ID and bank account for transfer."
spam,"Exclusive adult content unlocked. Verify age with credit card no charge promise."
spam,"Act fast!!! Cheap loans same day approval no questions asked guaranteed money."
